[
  {
    "id": 0,
    "name": "StrangeLove Coffee",
    "imgUrl": "https://images.unsplash.com/photo-1504753793650-d4a2b783c15e?ixid=MnwxMjA3fDB8MHxwaG90by1wYWdlfHx8fGVufDB8fHx8&ixlib=rb-1.2.1&auto=format&fit=crop&w=2000&q=80",
    "websiteUrl": "https://www.strangelovecoffee.ca/",
    "address": "983 Queen St E, Toronto, ON M4M 1K2",
    "neighbourhood": "at King and Spadina"
  },
  {
    "id": 1,
    "name": "Dark Horse Coffee",
    "imgUrl": "https://images.unsplash.com/photo-1498804103079-a6351b050096?ixid=MnwxMjA3fDB8MHxwaG90by1wYWdlfHx8fGVufDB8fHx8&ixlib=rb-1.2.1&auto=format&fit=crop&w=2468&q=80",
    "websiteUrl": "https://www.darkhorseespresso.com/",
    "address": "401 Richmond St W",
    "neighbourhood": "Richmond and Spadina"
  },
  {
    "id": 300,
    "name": "Route 300",
    "imgUrl": "https://images.unsplash.com/photo-1498804103079-a6351b050096?ixid=MnwxMjA3fDB8MHxwaG90by1wYWdlfHx8fGVufDB8fHx8&ixlib=rb-1.2.1&auto=format&fit=crop&w=2468&q=80",
    "websiteUrl": "https://www.darkhorseespresso.com/",
    "address": "401 Richmond St W",
    "neighbourhood": "Route 300 Neighbourhood"
  }
]
